name,profileImageUrl,statusMessage
Air,https://image.sijun.dev/api/images/view/Air.png,200 OK
Alex,https://image.sijun.dev/api/images/view/Alex.png,안녕하세요. Alex입니다.
Angie,https://image.sijun.dev/api/images/view/Angie.png,안녕하세요. Angie입니다.
Anne,https://image.sijun.dev/api/images/view/Anne.png,안녕하세요. Anne입니다.
Ari,https://image.sijun.dev/api/images/view/Ari.png,안녕하세요. Ari입니다.
Avery,https://image.sijun.dev/api/images/view/Avery.png,안녕하세요. Avery입니다.
Baba,https://image.sijun.dev/api/images/view/Baba.png,안녕하세요. Baba입니다.
Bear,https://image.sijun.dev/api/images/view/Bear.png,안녕하세요. Bear입니다.
Berry,https://image.sijun.dev/api/images/view/Berry.png,안녕하세요. Berry입니다.
Bin,https://image.sijun.dev/api/images/view/Bin.png,안녕하세요. Bin입니다.
Bob,https://image.sijun.dev/api/images/view/Bob.png,안녕하세요. Bob입니다.
Bota,https://image.sijun.dev/api/images/view/Bota.png,안녕하세요. Bota입니다.
Brandnew,https://image.sijun.dev/api/images/view/Brandnew.png,안녕하세요. Brandnew입니다.
Cerin,https://image.sijun.dev/api/images/view/Cerin.png,안녕하세요. Cerin입니다.
Cherry,https://image.sijun.dev/api/images/view/Cherry.png,안녕하세요. Cherry입니다.
Cheshire,https://image.sijun.dev/api/images/view/Cheshire.png,안녕하세요. Cheshire입니다.
Chloe,https://image.sijun.dev/api/images/view/Chloe.png,안녕하세요. Chloe입니다.
Coulson,https://image.sijun.dev/api/images/view/Coulson.png,안녕하세요. Coulson입니다.
Daniely,https://image.sijun.dev/api/images/view/Daniely.png,안녕하세요. Daniely입니다.
Dean,https://image.sijun.dev/api/images/view/Dean.png,안녕하세요. Dean입니다.
Demian,https://image.sijun.dev/api/images/view/Demian.png,안녕하세요. Demian입니다.
Dewy,https://image.sijun.dev/api/images/view/Dewy.png,안녕하세요. Dewy입니다.
Dodin,https://image.sijun.dev/api/images/view/Dodin.png,안녕하세요. Dodin입니다.
Echo,https://image.sijun.dev/api/images/view/Echo.png,안녕하세요. Echo입니다.
Eddey,https://image.sijun.dev/api/images/view/Eddey.png,안녕하세요. Eddey입니다.
Eifer,https://image.sijun.dev/api/images/view/Eifer.png,안녕하세요. Eifer입니다.
Elena,https://image.sijun.dev/api/images/view/Elena.png,안녕하세요. Elena입니다.
Elian,https://image.sijun.dev/api/images/view/Elian.png,안녕하세요. Elian입니다.
Ell,https://image.sijun.dev/api/images/view/Ell.png,안녕하세요. Ell입니다.
Ella,https://image.sijun.dev/api/images/view/Ella.png,노는 게 제일 좋아
Elphie,https://image.sijun.dev/api/images/view/Elphie.png,안녕하세요. Elphie입니다.
Emma,https://image.sijun.dev/api/images/view/Emma.png,안녕하세요. Emma입니다.
Enoch,https://image.sijun.dev/api/images/view/Enoch.png,안녕하세요. Enoch입니다.
Erin,https://image.sijun.dev/api/images/view/Erin.png,안녕하세요. Erin입니다.
Ethan,https://image.sijun.dev/api/images/view/Ethan.png,안녕하세요. Ethan입니다.
Evan,https://image.sijun.dev/api/images/view/Evan.png,안녕하세요. Evan입니다.
Excellenty,https://image.sijun.dev/api/images/view/Excellenty.png,안녕하세요. Excellenty입니다.
Fine,https://image.sijun.dev/api/images/view/Fine.png,안녕하세요. Fine입니다.
Finn,https://image.sijun.dev/api/images/view/Finn.png,안녕하세요. Finn입니다.
Frank,https://image.sijun.dev/api/images/view/Frank.png,안녕하세요. Frank입니다.
Gabi,https://image.sijun.dev/api/images/view/Gabi.png,안녕하세요. Gabi입니다.
Gigi,https://image.sijun.dev/api/images/view/Gigi.png,안녕하세요. Gigi입니다.
Gil,https://image.sijun.dev/api/images/view/Gil.png,안녕하세요. Gil입니다.
Glowny,https://image.sijun.dev/api/images/view/Glowny.png,안녕하세요. Glowny입니다.
Go,https://image.sijun.dev/api/images/view/Go.png,안녕하세요. Go입니다.
Green,https://image.sijun.dev/api/images/view/Green.png,안녕하세요. Green입니다.
Gus,https://image.sijun.dev/api/images/view/Gus.png,안녕하세요. Gus입니다.
Gyeong,https://image.sijun.dev/api/images/view/Gyeong.png,안녕하세요. Gyeong입니다.
Hama,https://image.sijun.dev/api/images/view/Hama.png,안녕하세요. Hama입니다.
Happyjay,https://image.sijun.dev/api/images/view/Happyjay.png,안녕하세요. Happyjay입니다.
Hari,https://image.sijun.dev/api/images/view/Hari.png,안녕하세요. Hari입니다.
Heggy,https://image.sijun.dev/api/images/view/Heggy.png,안녕하세요. Heggy입니다.
Henry,https://image.sijun.dev/api/images/view/Henry.png,안녕하세요. Henry입니다.
Herry,https://image.sijun.dev/api/images/view/Herry.png,안녕하세요. Herry입니다.
Hevyn,https://image.sijun.dev/api/images/view/Hevyn.png,안녕하세요. Hevyn입니다.
Hidy,https://image.sijun.dev/api/images/view/Hidy.png,안녕하세요. Hidy입니다.
Hong,https://image.sijun.dev/api/images/view/Hong.png,안녕하세요. Hong입니다.
Hyun,https://image.sijun.dev/api/images/view/Hyun.png,안녕하세요. Hyun입니다.
Ian,https://image.sijun.dev/api/images/view/Ian.png,안녕하세요. Ian입니다.
il,https://image.sijun.dev/api/images/view/il.png,안녕하세요. il입니다.
Isa,https://image.sijun.dev/api/images/view/Isa.png,안녕하세요. Isa입니다.
Isla,https://image.sijun.dev/api/images/view/Isla.png,안녕하세요. Isla입니다.
Ito,https://image.sijun.dev/api/images/view/Ito.png,안녕하세요. Ito입니다.
Ivy,https://image.sijun.dev/api/images/view/Ivy.png,안녕하세요. Ivy입니다.
J,https://image.sijun.dev/api/images/view/J.png,안녕하세요. J입니다.
Jack,https://image.sijun.dev/api/images/view/Jack.png,안녕하세요. Jack입니다.
Jacob,https://image.sijun.dev/api/images/view/Jacob.png,안녕하세요. Jacob입니다.
Jaeryong,https://image.sijun.dev/api/images/view/Jaeryong.png,안녕하세요. Jaeryong입니다.
Jam,https://image.sijun.dev/api/images/view/Jam.png,안녕하세요. Jam입니다.
Jeje,https://image.sijun.dev/api/images/view/Jeje.png,안녕하세요. Jeje입니다.
Jenki,https://image.sijun.dev/api/images/view/Jenki.png,안녕하세요. Jenki입니다.
Jenna,https://image.sijun.dev/api/images/view/Jenna.png,안녕하세요. Jenna입니다.
Jeong,https://image.sijun.dev/api/images/view/Jeong.png,안녕하세요. Jeong입니다.
Jerry,https://image.sijun.dev/api/images/view/Jerry.png,안녕하세요. Jerry입니다.
Jin,https://image.sijun.dev/api/images/view/Jin.png,안녕하세요. Jin입니다.
Jina,https://image.sijun.dev/api/images/view/Jina.png,안녕하세요. Jina입니다.
Joid,https://image.sijun.dev/api/images/view/Joid.png,안녕하세요. Joid입니다.
Jomi,https://image.sijun.dev/api/images/view/Jomi.png,안녕하세요. Jomi입니다.
Jooni,https://image.sijun.dev/api/images/view/Jooni.png,안녕하세요. Jooni입니다.
Joy,https://image.sijun.dev/api/images/view/Joy.png,안녕하세요. Joy입니다.
Judyj,https://image.sijun.dev/api/images/view/Judyj.png,안녕하세요. Judyj입니다.
Julianne,https://image.sijun.dev/api/images/view/Julianne.png,안녕하세요. Julianne입니다.
Jun,https://image.sijun.dev/api/images/view/Jun.png,안녕하세요. Jun입니다.
Jung,https://image.sijun.dev/api/images/view/Jung.png,안녕하세요. Jung입니다.
Junia,https://image.sijun.dev/api/images/view/Junia.png,안녕하세요. Junia입니다.
Kadan,https://image.sijun.dev/api/images/view/Kadan.png,안녕하세요. Kadan입니다.
Kaia,https://image.sijun.dev/api/images/view/Kaia.png,안녕하세요. Kaia입니다.
Karyn,https://image.sijun.dev/api/images/view/Karyn.png,안녕하세요. Karyn입니다.
Kave,https://image.sijun.dev/api/images/view/Kave.png,안녕하세요. Kave입니다.
Ken,https://image.sijun.dev/api/images/view/Ken.png,안녕하세요. Ken입니다.
Kinder,https://image.sijun.dev/api/images/view/Kinder.png,안녕하세요. Kinder입니다.
Kirby,https://image.sijun.dev/api/images/view/Kirby.png,안녕하세요. Kirby입니다.
Kon,https://image.sijun.dev/api/images/view/Kon.png,안녕하세요. Kon입니다.
Kwangro,https://image.sijun.dev/api/images/view/Kwangro.png,안녕하세요. Kwangro입니다.
Lemon,https://image.sijun.dev/api/images/view/Lemon.png,안녕하세요. Lemon입니다.
Leo,https://image.sijun.dev/api/images/view/Leo.png,안녕하세요. Leo입니다.
Leon,https://image.sijun.dev/api/images/view/Leon.png,안녕하세요. Leon입니다.
Libby,https://image.sijun.dev/api/images/view/Libby.png,안녕하세요. Libby입니다.
Lina,https://image.sijun.dev/api/images/view/Lina.png,안녕하세요. Lina입니다.
Loa,https://image.sijun.dev/api/images/view/Loa.png,안녕하세요. Loa입니다.
Lucas,https://image.sijun.dev/api/images/view/Lucas.png,안녕하세요. Lucas입니다.
Luka,https://image.sijun.dev/api/images/view/Luka.png,안녕하세요. Luka입니다.
Luke,https://image.sijun.dev/api/images/view/Luke.png,안녕하세요. Luke입니다.
Martin,https://image.sijun.dev/api/images/view/Martin.png,안녕하세요. Martin입니다.
Mary,https://image.sijun.dev/api/images/view/Mary.png,안녕하세요. Mary입니다.
May,https://image.sijun.dev/api/images/view/May.png,안녕하세요. May입니다.
Min,https://image.sijun.dev/api/images/view/Min.png,안녕하세요. Min입니다.
Minbol,https://image.sijun.dev/api/images/view/Minbol.png,안녕하세요. Minbol입니다.
Mingky,https://image.sijun.dev/api/images/view/Mingky.png,"안녕, 반가웡 나는 럭키밍키얌 >,<"
Mini,https://image.sijun.dev/api/images/view/Mini.png,안녕하세요. Mini입니다.
Miru,https://image.sijun.dev/api/images/view/Miru.png,안녕하세요. Miru입니다.
Monica,https://image.sijun.dev/api/images/view/Monica.png,안녕하세요. Monica입니다.
Moo,https://image.sijun.dev/api/images/view/Moo.png,안녕하세요. Moo입니다.
Mosae,https://image.sijun.dev/api/images/view/Mosae.png,안녕하세요. Mosae입니다.
Mumin,https://image.sijun.dev/api/images/view/Mumin.png,안녕하세요. Mumin입니다.
Murphy,https://image.sijun.dev/api/images/view/Murphy.png,안녕하세요. Murphy입니다.
My,https://image.sijun.dev/api/images/view/My.png,안녕하세요. My입니다.
Nayl,https://image.sijun.dev/api/images/view/Nayl.png,안녕하세요. Nayl입니다.
Nell,https://image.sijun.dev/api/images/view/Nell.png,안녕하세요. Nell입니다.
Nika,https://image.sijun.dev/api/images/view/Nika.png,안녕하세요. Nika입니다.
Nike,https://image.sijun.dev/api/images/view/Nike.png,안녕하세요. Nike입니다.
Noah,https://image.sijun.dev/api/images/view/Noah.png,안녕하세요. Noah입니다.
Noter,https://image.sijun.dev/api/images/view/Noter.png,안녕하세요. Noter입니다.
Nyx,https://image.sijun.dev/api/images/view/Nyx.png,안녕하세요. Nyx입니다.
Oliver,https://image.sijun.dev/api/images/view/Oliver.png,안녕하세요. Oliver입니다.
One,https://image.sijun.dev/api/images/view/One.png,안녕하세요. One입니다.
Onething,https://image.sijun.dev/api/images/view/Onething.png,안녕하세요. Onething입니다.
Paduck,https://image.sijun.dev/api/images/view/Paduck.png,안녕하세요. Paduck입니다.
Paidion,https://image.sijun.dev/api/images/view/Paidion.png,안녕하세요. Paidion입니다.
Paran,https://image.sijun.dev/api/images/view/Paran.png,안녕하세요. Paran입니다.
Pepper,https://image.sijun.dev/api/images/view/Pepper.png,안녕하세요. Pepper입니다.
Pherd,https://image.sijun.dev/api/images/view/Pherd.png,안녕하세요. Pherd입니다.
Powel,https://image.sijun.dev/api/images/view/Powel.png,안녕하세요. Powel입니다.
Pray,https://image.sijun.dev/api/images/view/Pray.png,안녕하세요. Pray입니다.
Presence,https://image.sijun.dev/api/images/view/Presence.png,안녕하세요. Presence입니다.
Rama,https://image.sijun.dev/api/images/view/Rama.png,안녕하세요. Rama입니다.
Ria,https://image.sijun.dev/api/images/view/Ria.png,안녕하세요. Ria입니다.
Riel,https://image.sijun.dev/api/images/view/Riel.png,안녕하세요. Riel입니다.
Rohd,https://image.sijun.dev/api/images/view/Rohd.png,안녕하세요. Rohd입니다.
Romak,https://image.sijun.dev/api/images/view/Romak.png,안녕하세요. Romak입니다.
Root,https://image.sijun.dev/api/images/view/Root.png,안녕하세요. Root입니다.
Rundo,https://image.sijun.dev/api/images/view/Rundo.png,안녕하세요. Rundo입니다.
Sally,https://image.sijun.dev/api/images/view/Sally.png,안녕하세요. Sally입니다.
Sana,https://image.sijun.dev/api/images/view/Sana.png,안녕하세요. Sana입니다.
Sandeul,https://image.sijun.dev/api/images/view/Sandeul.png,안녕하세요. Sandeul입니다.
Sena,https://image.sijun.dev/api/images/view/Sena.png,안녕하세요. Sena입니다.
Seo,https://image.sijun.dev/api/images/view/Seo.png,안녕하세요. Seo입니다.
Sera,https://image.sijun.dev/api/images/view/Sera.png,안녕하세요. Sera입니다.
Simi,https://image.sijun.dev/api/images/view/Simi.png,안녕하세요. Simi입니다.
Singsing,https://image.sijun.dev/api/images/view/Singsing.png,안녕하세요. Singsing입니다.
Sky,https://image.sijun.dev/api/images/view/Sky.png,안녕하세요. Sky입니다.
Skyler,https://image.sijun.dev/api/images/view/Skyler.png,안녕하세요. Skyler입니다.
Snow,https://image.sijun.dev/api/images/view/Snow.png,안녕하세요. Snow입니다.
Soop,https://image.sijun.dev/api/images/view/Soop.png,안녕하세요. Soop입니다.
Ssol,https://image.sijun.dev/api/images/view/Ssol.png,안녕하세요. Ssol입니다.
Steve,https://image.sijun.dev/api/images/view/Steve.png,안녕하세요. Steve입니다.
Taeni,https://image.sijun.dev/api/images/view/Taeni.png,안녕하세요. Taeni입니다.
Taki,https://image.sijun.dev/api/images/view/Taki.png,안녕하세요. Taki입니다.
Ted,https://image.sijun.dev/api/images/view/Ted.png,안녕하세요. Ted입니다.
Tether,https://image.sijun.dev/api/images/view/Tether.png,안녕하세요. Tether입니다.
Theo,https://image.sijun.dev/api/images/view/Theo.png,안녕하세요. Theo입니다.
Three,https://image.sijun.dev/api/images/view/Three.png,안녕하세요. Three입니다.
Velko,https://image.sijun.dev/api/images/view/Velko.png,안녕하세요. Velko입니다.
Viera,https://image.sijun.dev/api/images/view/Viera.png,안녕하세요. Viera입니다.
Wade,https://image.sijun.dev/api/images/view/Wade.png,안녕하세요. Wade입니다.
Way,https://image.sijun.dev/api/images/view/Way.png,안녕하세요. Way입니다.
Weaver,https://image.sijun.dev/api/images/view/Weaver.png,안녕하세요. Weaver입니다.
Wendy,https://image.sijun.dev/api/images/view/Wendy.png,안녕하세요. Wendy입니다.
Wish,https://image.sijun.dev/api/images/view/Wish.png,안녕하세요. Wish입니다.
Wonjun,https://image.sijun.dev/api/images/view/Wonjun.png,안녕하세요. Wonjun입니다.
Woody,https://image.sijun.dev/api/images/view/Woody.png,안녕하세요. Woody입니다.
Yan,https://image.sijun.dev/api/images/view/Yan.png,안녕하세요. Yan입니다.
Yeony,https://image.sijun.dev/api/images/view/Yeony.png,안녕하세요. Yeony입니다.
Yoon,https://image.sijun.dev/api/images/view/Yoon.png,안녕하세요. Yoon입니다.
Yoshi,https://image.sijun.dev/api/images/view/Yoshi.png,안녕하세요. Yoshi입니다.
Yuha,https://image.sijun.dev/api/images/view/Yuha.png,안녕하세요. Yuha입니다.
Yuu,https://image.sijun.dev/api/images/view/Yuu.png,안녕하세요. Yuu입니다.
Zani,https://image.sijun.dev/api/images/view/Zani.png,안녕하세요. Zani입니다.
Zhen,https://image.sijun.dev/api/images/view/Zhen.png,안녕하세요. Zhen입니다.
Zigu,https://image.sijun.dev/api/images/view/Zigu.png,안녕하세요. Zigu입니다.
